<?xml version="1.0" encoding="UTF-8"?>
<project-private xmlns="http://www.netbeans.org/ns/project-private/1">
    <editor-bookmarks xmlns="http://www.netbeans.org/ns/editor-bookmarks/1"/>
    <editor-bookmarks xmlns="http://www.netbeans.org/ns/editor-bookmarks/2" lastBookmarkId="0"/>
    <open-files xmlns="http://www.netbeans.org/ns/projectui-open-files/2">
        <group>
            <file>file:/D:/Projekte/BVH2/BLDC/V0.9.3/src/cksum.h</file>
            <file>file:/D:/Projekte/BVH2/BLDC/V0.9.3/src/eeprom.c</file>
            <file>file:/D:/Projekte/BVH2/BLDC/V0.9.3/src/diag.h</file>
            <file>file:/D:/Projekte/BVH2/BLDC/V0.9.3/src/cksum.c</file>
            <file>file:/D:/Projekte/BVH2/BLDC/V0.9.3/src/bldc.c</file>
            <file>file:/D:/Projekte/BVH2/BLDC/V0.9.3/src/diag.c</file>
            <file>file:/D:/Projekte/BVH2/BLDC/V0.9.3/src/T_Link/BVH2_Appl_Layer.h</file>
            <file>file:/D:/Projekte/BVH2/BLDC/V0.9.3/src/bldc.h</file>
            <file>file:/D:/Projekte/BVH2/BLDC/V0.9.3/src/main.c</file>
            <file>file:/D:/Projekte/BVH2/BLDC/V0.9.3/src/T_Link/BVH2_Appl_Layer.c</file>
        </group>
    </open-files>
</project-private>
