<?xml version="1.0" encoding="UTF-8"?>
<configurationDescriptor version="62">
  <logicalFolder name="root" displayName="root" projectFiles="true">
    <logicalFolder name="HeaderFiles"
                   displayName="Header Files"
                   projectFiles="true">
      <itemPath>../adc.h</itemPath>
      <itemPath>../bldc.h</itemPath>
      <itemPath>../diag.h</itemPath>
      <itemPath>../eeprom.h</itemPath>
      <itemPath>../lin.h</itemPath>
      <itemPath>../project.h</itemPath>
      <itemPath>../pwm.h</itemPath>
      <itemPath>../T_Link/BVH2_Appl_Layer.h</itemPath>
      <itemPath>../timer.h</itemPath>
      <itemPath>../config.h</itemPath>
      <itemPath>../cksum.h</itemPath>
    </logicalFolder>
    <logicalFolder name="LibraryFiles"
                   displayName="Library Files"
                   projectFiles="true">
    </logicalFolder>
    <logicalFolder name="ObjectFiles"
                   displayName="Object Files"
                   projectFiles="true">
    </logicalFolder>
    <logicalFolder name="SourceFiles"
                   displayName="Source Files"
                   projectFiles="true">
      <itemPath>../adc.c</itemPath>
      <itemPath>../bldc.c</itemPath>
      <itemPath>../diag.c</itemPath>
      <itemPath>../eeprom.c</itemPath>
      <itemPath>../interrupt.c</itemPath>
      <itemPath>../lin.c</itemPath>
      <itemPath>../main.c</itemPath>
      <itemPath>../pwm.c</itemPath>
      <itemPath>../T_Link/BVH2_Appl_Layer.c</itemPath>
      <itemPath>../timer.c</itemPath>
      <itemPath>../cksum.c</itemPath>
    </logicalFolder>
    <logicalFolder name="ExternalFiles"
                   displayName="Important Files"
                   projectFiles="false">
      <itemPath>Makefile</itemPath>
    </logicalFolder>
    <itemPath>../ELINMInt.def</itemPath>
  </logicalFolder>
  <sourceRootList>
    <Elem>../</Elem>
    <Elem>../T_Link</Elem>
  </sourceRootList>
  <projectmakefile>Makefile</projectmakefile>
  <confs>
    <conf name="default" type="2">
      <toolsSet>
        <developmentServer>localhost</developmentServer>
        <targetDevice>PIC16F1936</targetDevice>
        <targetHeader></targetHeader>
        <targetPluginBoard></targetPluginBoard>
        <platformTool>ICD3PlatformTool</platformTool>
        <languageToolchain>hi-tech-picc</languageToolchain>
        <languageToolchainVersion>9.81</languageToolchainVersion>
        <platform>3</platform>
      </toolsSet>
      <compileType>
        <linkerTool>
          <linkerLibItems>
          </linkerLibItems>
        </linkerTool>
        <archiverTool>
        </archiverTool>
        <loading>
          <loadableFile>C:/Users/adequatrebarbes/Desktop/memory.hex</loadableFile>
          <useAlternateLoadableFile>false</useAlternateLoadableFile>
          <parseOnProdLoad>false</parseOnProdLoad>
          <alternateLoadableFile></alternateLoadableFile>
        </loading>
      </compileType>
      <makeCustomizationType>
        <makeCustomizationPreStepEnabled>false</makeCustomizationPreStepEnabled>
        <makeCustomizationPreStep></makeCustomizationPreStep>
        <makeCustomizationPostStepEnabled>false</makeCustomizationPostStepEnabled>
        <makeCustomizationPostStep></makeCustomizationPostStep>
        <makeCustomizationPutChecksumInUserID>false</makeCustomizationPutChecksumInUserID>
        <makeCustomizationEnableLongLines>false</makeCustomizationEnableLongLines>
        <makeCustomizationNormalizeHexFile>false</makeCustomizationNormalizeHexFile>
      </makeCustomizationType>
      <item path="../main.c" ex="false" overriding="false">
        <HI-TECH-COMP>
          <property key="define-macros" value=""/>
          <property key="extra-include-directories" value="..\;..\T_Link"/>
          <property key="identifier-length" value="31"/>
          <property key="operation-mode" value="pro"/>
          <property key="optimization-assembler" value="true"/>
          <property key="optimization-assembler-files" value="true"/>
          <property key="optimization-debug" value="false"/>
          <property key="optimization-global" value="true"/>
          <property key="optimization-level" value="9"/>
          <property key="optimization-set" value="all"/>
          <property key="optimization-speed" value="false"/>
          <property key="preprocess-assembler" value="false"/>
          <property key="undefine-macros" value=""/>
          <property key="verbose" value="false"/>
          <property key="warning-level" value="0"/>
          <property key="what-to-do" value="ignore"/>
          <property key="what-to-do-ex" value="ignore"/>
        </HI-TECH-COMP>
        <HI-TECH-LINK>
          <property key="additional-options-callgraph" value="std"/>
          <property key="additional-options-checksum" value="0-1ffd@1ffe,algorithm=2"/>
          <property key="additional-options-code-offset" value=""/>
          <property key="additional-options-command-line" value=""/>
          <property key="additional-options-errata" value=""/>
          <property key="additional-options-extend-address" value="false"/>
          <property key="additional-options-trace-type" value=""/>
          <property key="backup-reset-condition-flags" value="false"/>
          <property key="calibrate-oscillator" value="true"/>
          <property key="calibrate-oscillator-value" value=""/>
          <property key="checksum-verification" value="false"/>
          <property key="clear-bss" value="true"/>
          <property key="code-model-external" value="wordwrite"/>
          <property key="code-model-instruction-set" value="mips32r2"/>
          <property key="code-model-pointer-size" value="16"/>
          <property key="code-model-rom" value=""/>
          <property key="create-html-files" value="false"/>
          <property key="data-model-memory" value="small"/>
          <property key="data-model-ram" value=""/>
          <property key="data-model-size-of-double" value="24"/>
          <property key="data-model-size-of-float" value="24"/>
          <property key="data-model-strict" value="false"/>
          <property key="display-class-usage" value="true"/>
          <property key="display-hex-usage" value="true"/>
          <property key="display-overall-usage" value="true"/>
          <property key="display-psect-usage" value="false"/>
          <property key="fill-flash-options-addr" value=""/>
          <property key="fill-flash-options-const" value="0xffff"/>
          <property key="fill-flash-options-how" value="1"/>
          <property key="fill-flash-options-inc-const" value=""/>
          <property key="fill-flash-options-increment" value=""/>
          <property key="fill-flash-options-seq" value=""/>
          <property key="fill-flash-options-what" value="1"/>
          <property key="format-hex-file-for-download" value="false"/>
          <property key="initialize-cp0" value="true"/>
          <property key="initialize-data" value="true"/>
          <property key="initialize-gprs" value="true"/>
          <property key="initialize-heap" value="true"/>
          <property key="initialize-stack" value="true"/>
          <property key="keep-generated-startup.as" value="false"/>
          <property key="link-in-c-library" value="true"/>
          <property key="link-in-peripheral-library" value="false"/>
          <property key="linker-interrupts-disable-usage" value="false"/>
          <property key="linker-interrupts-number-of-vectors" value="multi"/>
          <property key="linker-interrupts-table-location" value="boot"/>
          <property key="linker-interrupts-vector-type" value="rom"/>
          <property key="managed-stack" value="true"/>
          <property key="nmi-handler" value="true"/>
          <property key="optimal-performance" value="false"/>
          <property key="program-the-device-with-default-config-words" value="false"/>
          <property key="soft-reset-handler" value="true"/>
          <property key="test-ram-on-startup" value="true"/>
          <property key="unused-interrupt-vectors" value="-vec_reset,-vec_func"/>
          <property key="warn-on-stack-overflow" value="true"/>
        </HI-TECH-LINK>
      </item>
      <HI-TECH-COMP>
        <property key="define-macros" value=""/>
        <property key="extra-include-directories" value="..\;..\T_Link"/>
        <property key="identifier-length" value="31"/>
        <property key="operation-mode" value="pro"/>
        <property key="optimization-assembler" value="true"/>
        <property key="optimization-assembler-files" value="true"/>
        <property key="optimization-debug" value="false"/>
        <property key="optimization-global" value="true"/>
        <property key="optimization-level" value="9"/>
        <property key="optimization-set" value="all"/>
        <property key="optimization-speed" value="false"/>
        <property key="preprocess-assembler" value="false"/>
        <property key="undefine-macros" value=""/>
        <property key="verbose" value="false"/>
        <property key="warning-level" value="0"/>
        <property key="what-to-do" value="ignore"/>
        <property key="what-to-do-ex" value="ignore"/>
      </HI-TECH-COMP>
      <HI-TECH-LINK>
        <property key="additional-options-callgraph" value="std"/>
        <property key="additional-options-checksum" value="0-1ffd@1ffe,algorithm=2"/>
        <property key="additional-options-code-offset" value=""/>
        <property key="additional-options-command-line" value=""/>
        <property key="additional-options-errata" value=""/>
        <property key="additional-options-extend-address" value="false"/>
        <property key="additional-options-trace-type" value=""/>
        <property key="backup-reset-condition-flags" value="false"/>
        <property key="calibrate-oscillator" value="true"/>
        <property key="calibrate-oscillator-value" value=""/>
        <property key="checksum-verification" value="false"/>
        <property key="clear-bss" value="true"/>
        <property key="code-model-external" value="wordwrite"/>
        <property key="code-model-instruction-set" value="mips32r2"/>
        <property key="code-model-pointer-size" value="16"/>
        <property key="code-model-rom" value=""/>
        <property key="create-html-files" value="false"/>
        <property key="data-model-memory" value="small"/>
        <property key="data-model-ram" value=""/>
        <property key="data-model-size-of-double" value="24"/>
        <property key="data-model-size-of-float" value="24"/>
        <property key="data-model-strict" value="false"/>
        <property key="display-class-usage" value="true"/>
        <property key="display-hex-usage" value="true"/>
        <property key="display-overall-usage" value="true"/>
        <property key="display-psect-usage" value="false"/>
        <property key="fill-flash-options-addr" value=""/>
        <property key="fill-flash-options-const" value="0xffff"/>
        <property key="fill-flash-options-how" value="1"/>
        <property key="fill-flash-options-inc-const" value=""/>
        <property key="fill-flash-options-increment" value=""/>
        <property key="fill-flash-options-seq" value=""/>
        <property key="fill-flash-options-what" value="1"/>
        <property key="format-hex-file-for-download" value="false"/>
        <property key="initialize-cp0" value="true"/>
        <property key="initialize-data" value="true"/>
        <property key="initialize-gprs" value="true"/>
        <property key="initialize-heap" value="true"/>
        <property key="initialize-stack" value="true"/>
        <property key="keep-generated-startup.as" value="false"/>
        <property key="link-in-c-library" value="true"/>
        <property key="link-in-peripheral-library" value="false"/>
        <property key="linker-interrupts-disable-usage" value="false"/>
        <property key="linker-interrupts-number-of-vectors" value="multi"/>
        <property key="linker-interrupts-table-location" value="boot"/>
        <property key="linker-interrupts-vector-type" value="rom"/>
        <property key="managed-stack" value="true"/>
        <property key="nmi-handler" value="true"/>
        <property key="optimal-performance" value="false"/>
        <property key="program-the-device-with-default-config-words" value="false"/>
        <property key="soft-reset-handler" value="true"/>
        <property key="test-ram-on-startup" value="true"/>
        <property key="unused-interrupt-vectors" value="-vec_reset,-vec_func"/>
        <property key="warn-on-stack-overflow" value="true"/>
      </HI-TECH-LINK>
      <ICD3PlatformTool>
        <property key="AutoSelectMemRanges" value="manual"/>
        <property key="Freeze Peripherals" value="true"/>
        <property key="SecureSegment.SegmentProgramming" value="FullChipProgramming"/>
        <property key="ToolFirmwareFilePath"
                  value="Press to browse for a specific firmware version"/>
        <property key="ToolFirmwareOption.UseLatestFirmware" value="true"/>
        <property key="debugoptions.useswbreakpoints" value="false"/>
        <property key="hwtoolclock.frcindebug" value="false"/>
        <property key="memories.aux" value="false"/>
        <property key="memories.bootflash" value="false"/>
        <property key="memories.configurationmemory" value="true"/>
        <property key="memories.configurationmemory2" value="true"/>
        <property key="memories.dataflash" value="true"/>
        <property key="memories.eeprom" value="true"/>
        <property key="memories.flashdata" value="true"/>
        <property key="memories.id" value="true"/>
        <property key="memories.programmemory" value="true"/>
        <property key="memories.programmemory.end" value="0x1fff"/>
        <property key="memories.programmemory.partition2" value="true"/>
        <property key="memories.programmemory.partition2.end"
                  value="${memories.programmemory.partition2.end.value}"/>
        <property key="memories.programmemory.partition2.start"
                  value="${memories.programmemory.partition2.start.value}"/>
        <property key="memories.programmemory.start" value="0x0"/>
        <property key="poweroptions.powerenable" value="false"/>
        <property key="programoptions.donoteraseauxmem" value="false"/>
        <property key="programoptions.eraseb4program" value="true"/>
        <property key="programoptions.preservedataflash" value="false"/>
        <property key="programoptions.preserveeeprom" value="false"/>
        <property key="programoptions.preserveprogramrange" value="false"/>
        <property key="programoptions.preserveprogramrange.end" value="0x1fff"/>
        <property key="programoptions.preserveprogramrange.start" value="0x0"/>
        <property key="programoptions.preserveuserid" value="false"/>
        <property key="programoptions.programcalmem" value="false"/>
        <property key="programoptions.programuserotp" value="false"/>
        <property key="programoptions.testmodeentrymethod" value="VDDFirst"/>
        <property key="programoptions.usehighvoltageonmclr" value="false"/>
        <property key="programoptions.uselvpprogramming" value="false"/>
        <property key="voltagevalue" value="5.0"/>
      </ICD3PlatformTool>
    </conf>
  </confs>
</configurationDescriptor>
